{"qubits": [{"index": 0, "attrs": {"w0_1": 4968458247.928732, "x90_dur": 160, "x90_sigma": 40, "x90_amp": 0.08705077571746957}}, {"index": 1, "attrs": {"w0_1": 4770481167.222251, "x90_dur": 160, "x90_sigma": 40, "x90_amp": 0.06150076753229037}}]}