{"qubits": [{"index": 0, "attrs": {"w0_1": 4969178586.579508, "x90_dur": 160, "x90_sigma": 40, "x90_amp": 0.0875885699657856, "cr45_dur": 560, "cr45_sigma": 64, "cr45_width": 304, "cr45_q0q1_amp": 0.47842413665865674}}, {"index": 1, "attrs": {"w0_1": 4770507704.068891, "x90_dur": 160, "x90_sigma": 40, "x90_amp": 0.06334244029962034, "cr45_dur": 560, "cr45_sigma": 64, "cr45_width": 304}}]}